tag, x, y
bordo_E,5745760.609311,9594199.5615097
bordo_E,5745760.609311,9347103.0498441
bordo_E,5855781.6838482,9348906.6740169
bordo_E,5850370.81133,9594199.5615097